{"cameraMode":{"drawMode":0,"name":"Shaded","section":"Shading Mode"},"sceneLighting":true,"audioPlay":false,"sceneViewState":{"m_AlwaysRefresh":false,"showFog":true,"showSkybox":true,"showFlares":true,"showImageEffects":true,"showParticleSystems":true,"showVisualEffectGraphs":true,"m_FxEnabled":true},"in2DMode":false,"pivot":{"x":2.0185272693634035,"y":-2.5999832153320314,"z":7.606566429138184},"rotation":{"x":0.29061052203178408,"y":-0.014351921156048775,"z":0.0043600196950137619,"w":0.9567279815673828},"size":12.990316390991211,"orthographic":true}